[{"_ent": "blob", "_level": "1,3", "_count": "3", "init_shield": "0.0", "htk": "5.0", "dmg": "1.0", "shoots": "0", "targeting_enabled": "0", "_variance": "0.2"}, {"_ent": "blob", "_level": "3,5", "_count": "4", "init_shield": "5.0", "htk": "7.0", "dmg": "2.0", "shoots": "1", "targeting_enabled": "0", "_variance": "0.5"}, {"_ent": "blob", "_level": "5,10", "_count": "4", "init_shield": "10.0", "htk": "10.0", "dmg": "3.0", "shoots": "1", "targeting_enabled": "1", "_variance": "0.75"}, {"_ent": "blob", "_level": "10,100", "_count": "5", "init_shield": "20.0", "htk": "10.0", "dmg": "4.0", "shoots": "1", "targeting_enabled": "1", "_variance": "0.85"}, {"_ent": "aggro", "_level": "4,5", "_count": "1", "init_shield": "5.0", "htk": "20.0", "dmg": "8.0", "shoots": "0", "targeting_enabled": "0", "_variance": "0.75"}, {"_ent": "aggro", "_level": "5,100", "_count": "2", "init_shield": "5.0", "htk": "20.0", "dmg": "8.0", "shoots": "1", "targeting_enabled": "1", "_variance": "0.75"}]